{"text": " perd\u00f3n por la interrupci\u00f3n, se me olvid\u00f3 copiar aqu\u00ed en la carpeta de producci\u00f3n la configuraci\u00f3n de glances, entonces ahora s\u00ed ya funcionar\u00eda esto y ahora s\u00ed por ejemplo nos vemos aqu\u00ed vemos que glances est\u00e1 lanzado eso ser\u00eda todo, muchas gracias", "segments": [{"id": 0, "seek": 0, "start": 0.0, "end": 10.92, "text": " perd\u00f3n por la interrupci\u00f3n, se me olvid\u00f3 copiar aqu\u00ed en la carpeta de producci\u00f3n la", "tokens": [50364, 12611, 1801, 1515, 635, 728, 11976, 5687, 11, 369, 385, 43194, 812, 2971, 9448, 6661, 465, 635, 18119, 64, 368, 48586, 635, 50910], "temperature": 0.0, "avg_logprob": -0.23610113217280462, "compression_ratio": 1.1139240506329113, "no_speech_prob": 0.09573771804571152}, {"id": 1, "seek": 1092, "start": 10.92, "end": 16.12, "text": " configuraci\u00f3n de glances, entonces ahora s\u00ed ya funcionar\u00eda esto", "tokens": [50364, 22192, 3482, 368, 1563, 2676, 11, 13003, 9923, 8600, 2478, 14186, 21178, 7433, 50624], "temperature": 0.0, "avg_logprob": -0.31603094935417175, "compression_ratio": 0.9295774647887324, "no_speech_prob": 0.8391684293746948}, {"id": 2, "seek": 4092, "start": 40.92, "end": 50.44, "text": " y ahora s\u00ed por ejemplo nos vemos aqu\u00ed", "tokens": [50364, 288, 9923, 8600, 1515, 13358, 3269, 20909, 6661, 50840], "temperature": 0.0, "avg_logprob": -0.5080071962796725, "compression_ratio": 1.1318681318681318, "no_speech_prob": 0.09719642996788025}, {"id": 3, "seek": 4092, "start": 62.8, "end": 67.8, "text": " vemos que glances est\u00e1 lanzado eso ser\u00eda todo, muchas gracias", "tokens": [51458, 20909, 631, 1563, 2676, 3192, 38363, 1573, 7287, 23679, 5149, 11, 16072, 16611, 51708], "temperature": 0.0, "avg_logprob": -0.5080071962796725, "compression_ratio": 1.1318681318681318, "no_speech_prob": 0.09719642996788025}], "language": "es"}